Ürün Adı,Ürün Linki,Fiyat,Stok Kodu,Araç Bilgisi,Resim URL,Resim Dosyası
Supap Lastiği Opel Astra H S.Wagon (11.2006->) AVORTEX 296,https://otoparcasan.com/supap-lastigi-avortex-296,"18,89 TL",296,Yok,https://image.otoparcasan.com/nWhq0_UEYdEc3X0R3_7YVBGdYQc=/fit-in/400x400/filters:fill(fff0)/products/supap-lastigi-avortex-296.png,supap-lastigi-avortex-296.png
Supap Lastiği Opel Astra H S.Wagon (11.2006->) ZEGEN ZGS470,https://otoparcasan.com/supap-lastigi-zegen-zgs470,"19,33 TL",ZGS470,Yok,https://image.otoparcasan.com/PC45keg9qFKL3dDEu7GgdPu0iDM=/fit-in/400x400/filters:fill(fff0)/products/supap-lastigi-zegen-zgs470.png,supap-lastigi-zegen-zgs470.png
Supap Lastiği Opel Astra H S.Wagon (11.2006->) KRAFTVOLL 12010285,https://otoparcasan.com/supap-lastigi-kraftvoll-12010285,"19,56 TL",12010285,Yok,https://image.otoparcasan.com/YS_1Wj6X7pxmlRPV_dVTKU9lFGE=/fit-in/400x400/filters:fill(fff0)/products/supap-lastigi-kraftvoll-12010285.png,supap-lastigi-kraftvoll-12010285.png
Supap Lastiği Opel Astra H S.Wagon (11.2006->) TOPRAN 107 502,https://otoparcasan.com/supap-lastigi-topran-107-502,"20,74 TL",107 502,Yok,https://image.otoparcasan.com/3S9vpQsCCobG5d8HPu4ZczlfbkY=/fit-in/400x400/filters:fill(fff0)/products/supap-lastigi-topran-107-502.png,supap-lastigi-topran-107-502.png
Supap Lastiği Opel Astra H S.Wagon (11.2006->) KRAFTVOLL 12010337,https://otoparcasan.com/supap-lastigi-kraftvoll-12010337,"21,27 TL",12010337,Yok,https://image.otoparcasan.com/88eE57h3oJyB8ntvkn3pWXxWPw0=/fit-in/400x400/filters:fill(fff0)/products/supap-lastigi-kraftvoll-12010337.png,supap-lastigi-kraftvoll-12010337.png
Supap Lastiği Opel Astra H S.Wagon (11.2006->) ELWIS ROYAL 1642657,https://otoparcasan.com/supap-lastigi-elwis-royal-1642657,"21,43 TL",1642657,Yok,https://image.otoparcasan.com/NIvuJL0WeLJytvdREOpehSCUL7I=/fit-in/400x400/filters:fill(fff0)/products/supap-lastigi-elwis-royal-1642657.png,supap-lastigi-elwis-royal-1642657.png
Supap Lastiği Opel Astra H S.Wagon (11.2006->) SKT 4S-021-V,https://otoparcasan.com/supap-lastigi-skt-4s021v,"23,59 TL",4S-021-V,Yok,https://image.otoparcasan.com/wxCheI7xcL4YqH6xNVm_P4giNu8=/fit-in/400x400/filters:fill(fff0)/products/supap-lastigi-skt-4s021v.png,supap-lastigi-skt-4s021v.png
Supap Lastiği Opel Astra H S.Wagon (11.2006->) PAYEN PA5041,https://otoparcasan.com/supap-lastigi-payen-pa5041,"23,73 TL",PA5041,Yok,https://image.otoparcasan.com/Ydf-224PQyEZg3xsZ4QR_jh7DCU=/fit-in/400x400/filters:fill(fff0)/products/supap-lastigi-payen-pa5041.png,supap-lastigi-payen-pa5041.png
Supap Lastiği Opel Astra H S.Wagon (11.2006->) ELRING 403.730,https://otoparcasan.com/supap-lastigi-elring-403730,"24,81 TL",403.730,Yok,https://image.otoparcasan.com/6wkB_c-UaOoRA2gu_1qBi9CLkvQ=/fit-in/400x400/filters:fill(fff0)/products/supap-lastigi-elring-403730.png,supap-lastigi-elring-403730.png
Supap Lastiği Opel Astra H S.Wagon (11.2006->) SKT 4S-025-V,https://otoparcasan.com/supap-lastigi-skt-4s025v,"26,10 TL",4S-025-V,Yok,https://image.otoparcasan.com/kuIg3PD0riLjhHV9mlckOyUNIbI=/fit-in/400x400/filters:fill(fff0)/products/supap-lastigi-skt-4s025v.png,supap-lastigi-skt-4s025v.png
